{
  "timestamp": "20250429_184831",
  "metrics": {
    "accuracy": 0.7472727681684248,
    "precision": 0.45459829501420823,
    "recall": 0.7160732451678535,
    "f1_score": 0.5561349450896736,
    "best_threshold": 0.25000000000000006
  },
  "feature_importance": {
    "log(オッズ)": 1635,
    "斤量": 670,
    "interval_category": 313,
    "デビュー戦フラグ": 52
  }
}