{
  "timestamp": "20250430_204536",
  "metrics": {
    "accuracy": 0.7458782248813514,
    "precision": 0.4530450358239509,
    "recall": 0.7204476093591048,
    "f1_score": 0.5562799465870709,
    "best_threshold": 0.25000000000000006,
    "precision_at_3": 0.5305250305250305,
    "recall_at_3": 0.530448717948718,
    "hit_rate_at_3": 0.9352869352869353,
    "ndcg_at_3": 0.559309346717972
  },
  "feature_importance": {
    "log(オッズ)": 1139,
    "斤量": 358,
    "interval_category": 179,
    "デビュー戦フラグ": 9,
    "道悪適性差": 266,
    "道悪経験フラグ": 52,
    "馬場状態": 76,
    "上がり3ハロン最速値": 771
  }
}