{
  "timestamp": "20250430_222634",
  "metrics": {
    "accuracy": 0.7490904877766191,
    "precision": 0.45432676244570663,
    "recall": 0.718634393827291,
    "f1_score": 0.556701875051175,
    "best_threshold": 0.25000000000000006,
    "precision_at_3": 0.5295485780737922,
    "recall_at_3": 0.5294428586531347,
    "hit_rate_at_3": 0.9340310815096733,
    "ndcg_at_3": 0.5576903258190088
  },
  "feature_importance": {
    "log(オッズ)": 1225,
    "斤量": 341,
    "interval_category": 213,
    "デビュー戦フラグ": 6,
    "道悪適性差": 265,
    "道悪経験フラグ": 49,
    "馬場状態": 85,
    "上がり3ハロン最速値": 816
  }
}