{
  "timestamp": "20250430_223616",
  "metrics": {
    "accuracy": 0.748627042057699,
    "precision": 0.45366472907062205,
    "recall": 0.7176831201775711,
    "f1_score": 0.5559194367119699,
    "best_threshold": 0.25000000000000006,
    "precision_at_3": 0.529337139232477,
    "recall_at_3": 0.5292314198118194,
    "hit_rate_at_3": 0.9359340310815096,
    "ndcg_at_3": 0.5580412334759126
  },
  "feature_importance": {
    "log(オッズ)": 1131,
    "斤量": 336,
    "interval_category": 243,
    "デビュー戦フラグ": 5,
    "道悪適性差": 208,
    "道悪経験フラグ": 44,
    "馬場状態": 84,
    "上がり3ハロン最速値": 799
  }
}