{
  "timestamp": "20250430_220512",
  "metrics": {
    "accuracy": 0.42238442822384425,
    "precision": 0.24470122152525586,
    "recall": 0.7834266990804355,
    "f1_score": 0.3729214359387185,
    "best_threshold": 0.20000000000000004,
    "precision_at_3": 0.30182894597737603,
    "recall_at_3": 0.30177608626704727,
    "hit_rate_at_3": 0.6955280685061845,
    "ndcg_at_3": 0.3058504261433916
  },
  "feature_importance": {
    "斤量": 578,
    "interval_category": 372,
    "デビュー戦フラグ": 3,
    "道悪適性差": 583,
    "道悪経験フラグ": 111,
    "馬場状態": 145,
    "上がり3ハロン最速値": 1058
  }
}