{
  "timestamp": "20250430_202602",
  "metrics": {
    "accuracy": 0.7451359679704896,
    "precision": 0.45223700120918986,
    "recall": 0.7228891149542218,
    "f1_score": 0.556395098461418,
    "best_threshold": 0.25000000000000006,
    "precision_at_3": 0.5303215303215303,
    "recall_at_3": 0.5302452177452177,
    "hit_rate_at_3": 0.9352869352869353,
    "ndcg_at_3": 0.5594065211894551
  },
  "feature_importance": {
    "log(オッズ)": 1381,
    "斤量": 529,
    "interval_category": 263,
    "デビュー戦フラグ": 68,
    "道悪適性差": 546,
    "道悪経験フラグ": 101,
    "馬場状態": 112
  }
}