{
  "timestamp": "20250430_183012",
  "metrics": {
    "accuracy": 0.7477001282080119,
    "precision": 0.4553013213019658,
    "recall": 0.718616480162767,
    "f1_score": 0.5574275004931939,
    "best_threshold": 0.25000000000000006,
    "precision_at_3": 0.5310337810337811,
    "recall_at_3": 0.530932030932031,
    "hit_rate_at_3": 0.9358974358974359,
    "ndcg_at_3": 0.5597015784280327
  },
  "feature_importance": {
    "log(オッズ)": 1309,
    "斤量": 422,
    "interval_category": 233,
    "デビュー戦フラグ": 22,
    "道悪適性差": 936,
    "道悪経験フラグ": 78
  }
}