{
  "timestamp": "20250430_193659",
  "metrics": {
    "accuracy": 0.7463955554555883,
    "precision": 0.45380730132344477,
    "recall": 0.7220752797558494,
    "f1_score": 0.5573397196812061,
    "best_threshold": 0.25000000000000006,
    "precision_at_3": 0.5297110297110298,
    "recall_at_3": 0.5296347171347172,
    "hit_rate_at_3": 0.9362026862026862,
    "ndcg_at_3": 0.5588608489383556
  },
  "feature_importance": {
    "log(オッズ)": 1174,
    "斤量": 396,
    "interval_category": 210,
    "デビュー戦フラグ": 31,
    "道悪適性差": 726,
    "道悪経験フラグ": 58,
    "馬場状態": 75
  }
}